index,score,ident,similarity,sid,sdesc,qstart,qend,qseq,con,tseq,tstart,tend
1,0.49,0.2424242424242424,0.3636363636363636,ECOD_001834452_e4xamB7,"ECOD_001834452_e4xamB7 | 11.1.1.230 | 4XAM B:20-138 | A: beta sandwiches, X: Immunoglobulin-like beta-sandwich, H: Immunoglobulin-related, T: Immunoglobulin/Fibronectin type III/E set domains/PapD-like, F: KOG1366_1st_1 | Protein: Complement C4 beta chain",134,166,VPVERHVNTLVFAPETAAINQPIRVFVQTTSDG,.|     +.|+|+|+++.++.|+.|.||..+..,KP-----RLLLFSPSVVHLGVPLSVGVQLQDVP,0,27
2,0.47,0.0769230769230769,0.2307692307692307,ECOD_002070871_e5b71F1,"ECOD_002070871_e5b71F1 | 11.1.1.229 | 5B71 F:20-121 | A: beta sandwiches, X: Immunoglobulin-like beta-sandwich, H: Immunoglobulin-related, T: Immunoglobulin/Fibronectin type III/E set domains/PapD-like, F: KOG1366_1st | Protein: Complement C5 beta chain",136,159,V-ER-HVNTLVFAPETAAINQPIRVF,.       .++.||+...++...++.,EQ--T---YVISAPKIFRVGASENIV,0,20
3,0.47,0.2222222222222222,0.4074074074074074,ECOD_001168316_e3lsoB8,"ECOD_001168316_e3lsoB8 | 11.1.1.366 | 3LSO B:213-308 | A: beta sandwiches, X: Immunoglobulin-like beta-sandwich, H: Immunoglobulin-related, T: Immunoglobulin/Fibronectin type III/E set domains/PapD-like, F: Big_3_5 | Protein: Putative membrane anchored protein",136,162,VERHVNTLVFAPETAAINQPIRVFVQT,..    ..+.|||+|+|+|.+++.+.+,DG----LTITAPESASIKQDVQITATV,0,22
4,0.46,0.1052631578947368,0.4210526315789473,ECOD_001137926_e2b39B7,"ECOD_001137926_e2b39B7 | 11.1.1.229 | 2B39 B:30-126 | A: beta sandwiches, X: Immunoglobulin-like beta-sandwich, H: Immunoglobulin-related, T: Immunoglobulin/Fibronectin type III/E set domains/PapD-like, F: KOG1366_1st | Protein: C3",146,164,APETAAINQPIRVFVQTTS,+|+...+++...|.+++.+,TPNILRLESEETVVLEAHG,0,18
5,0.45,0.1739130434782608,0.3478260869565217,ECOD_001069559_e3frpA4,"ECOD_001069559_e3frpA4 | 11.1.1.3 | 3FRP A:104-197 | A: beta sandwiches, X: Immunoglobulin-like beta-sandwich, H: Immunoglobulin-related, T: Immunoglobulin/Fibronectin type III/E set domains/PapD-like, F: A2M_N_1 | Protein: Cobra venom factor alpha chain",32,53,V-GLSLYTNSKVYAPSHNLQIYG,.  |.+.|++.+|+|+..+  ..,SF-LFIQTDKGIYTPGSPV--LY,0,19
6,0.45,0.1818181818181818,0.4545454545454545,ECOD_001219113_e3iduB2,"ECOD_001219113_e3iduB2 | 11.1.1.40 | 3IDU B:433-542 | A: beta sandwiches, X: Immunoglobulin-like beta-sandwich, H: Immunoglobulin-related, T: Immunoglobulin/Fibronectin type III/E set domains/PapD-like, F: CARDB | Protein: Uncharacterized protein",205,226,LYYVDYTPIEEGTHVFHVIAFS,+...++||.+||.+.+++.+.+,VLTFNWTPTQEGMYRINATVDE,65,86
7,0.44,0.064516129032258,0.2903225806451613,ECOD_001759228_e3l3oA1,"ECOD_001759228_e3l3oA1 | 11.1.1.229 | 3L3O A:1-103 | A: beta sandwiches, X: Immunoglobulin-like beta-sandwich, H: Immunoglobulin-related, T: Immunoglobulin/Fibronectin type III/E set domains/PapD-like, F: KOG1366_1st | Protein: Complement C3",134,164,VPVERHVNTLVFAPETAAINQPIRVFVQTTS,.|+     ..+++|+...+++...+.+++.+,SPM-----YSIITPNILRLESEETMVLEAHD,0,25
8,0.44,0.2941176470588235,0.5,ECOD_002623898_e6tn6A2,"ECOD_002623898_e6tn6A2 | 11.1.1.2758 | 6TN6 A:400-494 | A: beta sandwiches, X: Immunoglobulin-like beta-sandwich, H: Immunoglobulin-related, T: Immunoglobulin/Fibronectin type III/E set domains/PapD-like, F: UNK_F_TYPE | Protein: Mannan endo-1,4-beta-mannosidase. Glycosyl Hydrolase family 5",208,241,VDYTPIEEGTHVFHVIAFSQGTTSHGSAATNVLS,+|.|.|.+|.|.+.+.+..||.|...|..++|++,LDTTRIPDGEHEMFLEGHFQGKTVKDSIKAKVVN,60,93
9,0.44,0.2,0.4,ECOD_001919941_e2pn5A9,"ECOD_001919941_e2pn5A9 | 11.1.1.77 | 2PN5 A:1-98 | A: beta sandwiches, X: Immunoglobulin-like beta-sandwich, H: Immunoglobulin-related, T: Immunoglobulin/Fibronectin type III/E set domains/PapD-like, F: DUF4469 | Protein: Thioester-containing protein I",142,166,TLVFAPETAAINQPIRVFVQTTSDG,.||.+|+....||...+.+++.++.,LLVVGPKFIRANQEYTLVISNFNSQ,0,24
10,0.43,0.2105263157894736,0.3157894736842105,ECOD_002066818_e5n40A1,"ECOD_002066818_e5n40A1 | 11.1.1.2519 | 5N40 A:2444-2546 | A: beta sandwiches, X: Immunoglobulin-like beta-sandwich, H: Immunoglobulin-related, T: Immunoglobulin/Fibronectin type III/E set domains/PapD-like, F: Invasin_D3 | Protein: Putative invasin",198,216,FKALHQGLYYVDYTPIEEG,.  ..+|||.+..|.....,E--QASGLYTATLTAGTLT,61,77
11,0.43,0.1515151515151515,0.4242424242424242,ECOD_001393631_e2kzwA3,"ECOD_001393631_e2kzwA3 | 11.1.1.1503 | 2KZW A:47-145 | A: beta sandwiches, X: Immunoglobulin-like beta-sandwich, H: Immunoglobulin-related, T: Immunoglobulin/Fibronectin type III/E set domains/PapD-like, F: PKD | Protein: Uncharacterized protein",207,239,YVDYTPIEEGTHVFHVIAFSQGTTSHGSAATNV,.  +|.++||.++..+|+.+++.++.+|++.++,L--HTFFNEGEYIVSLIVSNENDSDSASVTIRA,60,90
12,0.42,0.1176470588235294,0.4117647058823529,ECOD_001759961_e5hzlB3,"ECOD_001759961_e5hzlB3 | 11.1.1.1505 | 5HZL B:205-299 | A: beta sandwiches, X: Immunoglobulin-like beta-sandwich, H: Immunoglobulin-related, T: Immunoglobulin/Fibronectin type III/E set domains/PapD-like, F: EUF07726 | Protein: Lmo2445 protein",143,159,LVFAPETAAINQPIRVF,.++.|.|...++.+  .,ATYPPTTIKQGENL--K,0,14
13,0.42,0.0588235294117647,0.3235294117647059,ECOD_000001772_e1b4rA1,"ECOD_000001772_e1b4rA1 | 11.1.1.147 | 1B4R A:8-87 | A: beta sandwiches, X: Immunoglobulin-like beta-sandwich, H: Immunoglobulin-related, T: Immunoglobulin/Fibronectin type III/E set domains/PapD-like, F: PKD_1 | Protein: PROTEIN (PKD1_HUMAN)",207,240,YVDYTPIEEGTHVFHVIAFSQGTTSHGSAATNVL,.+++..+..|.+...++....+.++..++.++|.,AASHRYVLPGRYHVTAVLALGAGSALLGTDVQVE,45,78
14,0.42,0.1111111111111111,0.2777777777777778,ECOD_001220268_e3ly6A7,"ECOD_001220268_e3ly6A7 | 11.1.1.2532 | 3LY6 A:468-585 | A: beta sandwiches, X: Immunoglobulin-like beta-sandwich, H: Immunoglobulin-related, T: Immunoglobulin/Fibronectin type III/E set domains/PapD-like, F: Transglut_C_1 | Protein: Protein-glutamine gamma-glutamyltransferase 2",131,166,LVDVPVERHVNTLVFAPETAAINQPIRVFVQTTSDG,..    |..+...+.+.++..+++.+.||++.|++.,KE----ETGMAMRIRVGQSMNMGSDFDVFAHITNNT,0,31
15,0.41,0.12,0.44,ECOD_001721459_e5cl2B2,"ECOD_001721459_e5cl2B2 | 11.1.1.947 | 5CL2 B:13-135 | A: beta sandwiches, X: Immunoglobulin-like beta-sandwich, H: Immunoglobulin-related, T: Immunoglobulin/Fibronectin type III/E set domains/PapD-like, F: Spo0M_N | Protein: Sporulation-control protein spo0M",30,54,EFVGLSLYTNSKVYAPSHNLQIYGT,..+.++...++.+|.|++++|....,GAAKVDTILEKDAYFPGEEVQGTVH,1,25
16,0.41,0.25,0.45,ECOD_001406727_e4pbwC2,"ECOD_001406727_e4pbwC2 | 11.1.1.1517 | 4PBW C:208-302 | A: beta sandwiches, X: Immunoglobulin-like beta-sandwich, H: Immunoglobulin-related, T: Immunoglobulin/Fibronectin type III/E set domains/PapD-like, F: I-set_2 | Protein: NT-3 growth factor receptor",220,239,FHVIAFSQGTTSHGSAATNV,+..||.+....|++|+..+|,LTCIAENVVGMSQASVLLTV,74,93
17,0.41,0.1333333333333333,0.4,ECOD_001072215_e4kh9B2,"ECOD_001072215_e4kh9B2 | 11.1.1.374 | 4KH9 B:178-283 | A: beta sandwiches, X: Immunoglobulin-like beta-sandwich, H: Immunoglobulin-related, T: Immunoglobulin/Fibronectin type III/E set domains/PapD-like, F: DUF4785_2nd | Protein: hypothetical protein",172,216,EAGIKELLGNTHVHLPSGMTVTLTSSFKALHQGLYYVDYTPIEEG,.     ...++++..|+|++++|  ++..|.++++....|..+|.,V-----NDVDARLVGPKGQVISL--NLTKLKSNVFEGTATLDSEL,34,71
18,0.41,0.2068965517241379,0.3103448275862069,ECOD_000032949_e1j5iA1,"ECOD_000032949_e1j5iA1 | 11.1.1.136 | 1J5I A:1-113 | A: beta sandwiches, X: Immunoglobulin-like beta-sandwich, H: Immunoglobulin-related, T: Immunoglobulin/Fibronectin type III/E set domains/PapD-like, F: Neocarzinostat | Protein: PROTEIN (Apo-Neocarzinostatin)",75,97,F------DQLTTNADGSYNHSLLTWPQPS,.      +++|++|+||.+.||.+..+.+,ACNPADFSSVTADANGSASTSLTVRRSFE,45,73
19,0.41,0.1836734693877551,0.2857142857142857,ECOD_002491504_e6ffyA5,"ECOD_002491504_e6ffyA5 | 11.1.1.2706 | 6FFY A:873-897,A:900-958 | A: beta sandwiches, X: Immunoglobulin-like beta-sandwich, H: Immunoglobulin-related, T: Immunoglobulin/Fibronectin type III/E set domains/PapD-like, F: UNK_F_TYPE | Protein: VPS10 domain-containing receptor SorCS2",193,241,TLTSSFKALHQGLYYVDYTPIEEGTHVFHVIAFSQGTTSHGSAATNVLS,.+..|++.|.+....|.....+.|.....|.|...+++.+.|..++||+,WIGHSLQPLLSLDNSVTTKFTDAGDVRVTVQAACGNSVLQDSRLVRVLD,34,82
20,0.4,0.1578947368421052,0.2631578947368421,ECOD_000001773_e1l0qA1,"ECOD_000001773_e1l0qA1 | 11.1.1.1503 | 1L0Q A:302-391 | A: beta sandwiches, X: Immunoglobulin-like beta-sandwich, H: Immunoglobulin-related, T: Immunoglobulin/Fibronectin type III/E set domains/PapD-like, F: PKD | Protein: Surface layer protein",208,243,V-D-YTPIEEGTHVFHVIAFSQGTTSHGSAATNVLSQD,.   +|..|.|.++.++.+.+++.|+...+++||+.+.,NP-THTYSETGIYTVRLTVSNSNGTDSQISTVNVVLKG,48,84
21,0.4,0.0588235294117647,0.4117647058823529,ECOD_001759370_e5axgA2,"ECOD_001759370_e5axgA2 | 11.1.1.921 | 5AXG A:29-144 | A: beta sandwiches, X: Immunoglobulin-like beta-sandwich, H: Immunoglobulin-related, T: Immunoglobulin/Fibronectin type III/E set domains/PapD-like, F: Glyco_hydro_66_1st | Protein: Dextranase",151,166,AI-NQPIRVFVQTTSDG,.  ++.+.|.++.+++.,Y-PSDKVTVKIELNNEL,26,41
22,0.4,0.1470588235294117,0.3823529411764705,ECOD_001919941_e2pn5A9,"ECOD_001919941_e2pn5A9 | 11.1.1.77 | 2PN5 A:1-98 | A: beta sandwiches, X: Immunoglobulin-like beta-sandwich, H: Immunoglobulin-related, T: Immunoglobulin/Fibronectin type III/E set domains/PapD-like, F: DUF4469 | Protein: Thioester-containing protein I",94,127,PQPSSNLPYGTYTVEVISTAQNGISKTIDVKFSS,.+..++|..|+|.+.+.+....++.|..++.+.|,FNMPEDLTAGNYKITIDGQRGFSFHKEAELVYLS,63,96
23,0.4,0.15625,0.375,ECOD_001072215_e4kh9B2,"ECOD_001072215_e4kh9B2 | 11.1.1.374 | 4KH9 B:178-283 | A: beta sandwiches, X: Immunoglobulin-like beta-sandwich, H: Immunoglobulin-related, T: Immunoglobulin/Fibronectin type III/E set domains/PapD-like, F: DUF4785_2nd | Protein: hypothetical protein",26,56,T-TDDEFVGLSLYTNSKVYAPSHNLQIYGTGL,+      +.|++.|+|..|..+.+|+...+..,SI-----TYLEVETDSLHYQYGDKLKATISLH,0,26
24,0.4,0.2631578947368421,0.3157894736842105,ECOD_002092805_e5llkA1,"ECOD_002092805_e5llkA1 | 11.1.1.289 | 5LLK A:61-162 | A: beta sandwiches, X: Immunoglobulin-like beta-sandwich, H: Immunoglobulin-related, T: Immunoglobulin/Fibronectin type III/E set domains/PapD-like, F: Dystroglycan_repeat | Protein: Dystroglycan",210,228,YTPIEEGTHVFHVIAFSQG,.. .++|+|.+.|.|...|,LD-TDKGVHYISVSATRLG,61,78
25,0.4,0.0416666666666666,0.2916666666666667,ECOD_000032534_e1eutA2,"ECOD_000032534_e1eutA2 | 11.1.1.1224 | 1EUT A:403-505 | A: beta sandwiches, X: Immunoglobulin-like beta-sandwich, H: Immunoglobulin-related, T: Immunoglobulin/Fibronectin type III/E set domains/PapD-like, F: NPCBM_assoc_like | Protein: SIALIDASE",219,242,VFHVIAFSQGTTSHGSAATNVLSQ,...+...+++.++..+.+++|...,RVGATLRTSAGNASTTFTVTVGLL,78,101
26,0.39,0.1515151515151515,0.3333333333333333,ECOD_001765876_e3vmnA3,"ECOD_001765876_e3vmnA3 | 11.1.1.921 | 3VMN A:102-210 | A: beta sandwiches, X: Immunoglobulin-like beta-sandwich, H: Immunoglobulin-related, T: Immunoglobulin/Fibronectin type III/E set domains/PapD-like, F: Glyco_hydro_66_1st | Protein: Dextranase",27,56,T-D-DE-FVGLSLYTNSKVYAPSHNLQIYGTGL,+         ++|.|++.||..++.+++..|..,NG-N--M---INLTTDKAVYQAGEAVHLNLTLN,0,26
27,0.39,0.25,0.5,ECOD_002474081_e6hifa1,"ECOD_002474081_e6hifa1 | 11.1.4.1 | 6HIF a:26-111 | A: beta sandwiches, X: Immunoglobulin-like beta-sandwich, H: Immunoglobulin-related, T: Prealbumin-like, F: CarboxypepD_reg | Protein: hdh assembly factor Kustc1130",154,169,QPIRVFVQTTSDGLLI,+|.+++|.+.+.|..|,KPAKLWVTAIAIGTPI,3,18
28,0.39,0.1142857142857142,0.3714285714285714,ECOD_002806840_e7s64D9,"ECOD_002806840_e7s64D9 | 11.1.1.229 | 7S64 D:22-118 | A: beta sandwiches, X: Immunoglobulin-like beta-sandwich, H: Immunoglobulin-related, T: Immunoglobulin/Fibronectin type III/E set domains/PapD-like, F: KOG1366_1st | Protein: Alpha 2-macroglobulin",135,169,PVERHVNTLVFAPETAAINQPIRVFVQTTSDGLLI,.|+    ..+..|.....++..|+.|+..+....+,KVQ----YALTIPALLKSGETQRACVNLIGYHQPL,0,30
